question,answer
What is AI?,Artificial Intelligence helps machines perform tasks that normally need human intelligence.
What is Artificial Intelligence?,Artificial Intelligence helps machines learn think and make decisions.
Define AI.,AI means making machines smart enough to solve problems and make decisions.
What does AI mean?,AI means Artificial Intelligence.
What is an AI Engineer?,An AI Engineer builds intelligent systems using machine learning and deep learning.
Who is an AI Engineer?,An AI Engineer develops AI models and smart applications.
What does an AI Engineer do?,An AI Engineer trains tests and deploys AI models.
Is AI a good career?,Yes AI is a good career because it has high demand and strong future scope.
Why should I choose AI as a career?,AI is a strong career choice because it offers high demand good salaries and global opportunities.
Why is AI a good career option?,AI is good because many industries need AI experts for automation and smart systems.
What is the future of AI?,The future of AI is strong because AI is being used in many industries.
Is AI in demand?,Yes AI professionals are in demand in technology healthcare finance education and business.
What are AI career opportunities?,AI career opportunities include AI Engineer ML Engineer Data Scientist NLP Engineer and Computer Vision Engineer.
Which industries use AI?,AI is used in healthcare education finance agriculture robotics cybersecurity and e-commerce.
Can AI Engineers work remotely?,Yes many AI jobs allow remote and hybrid work.
What are the highest paying AI jobs?,High paying AI jobs include AI Engineer ML Engineer Data Scientist NLP Engineer and AI Research Scientist.
Which degree is best for AI?,BS Artificial Intelligence Computer Science Data Science and Software Engineering are good degrees for AI.
What degree do I need for AI?,A degree in AI Computer Science Data Science or Software Engineering is useful.
Which qualification is required for AI?,A BS degree in AI CS Data Science or a related field is commonly required.
Can I become an AI Engineer after BS AI?,Yes BS AI is one of the best paths to become an AI Engineer.
Can Computer Science students become AI Engineers?,Yes Computer Science students can become AI Engineers by learning AI and ML skills.
Can Software Engineering students work in AI?,Yes Software Engineering students can work in AI after learning ML DL and Python.
Do I need a degree for AI?,A degree helps but strong skills projects and certifications are also important.
Is masters required for AI?,A masters is not always required but it helps for research and advanced AI roles.
Can I learn AI online?,Yes AI can be learned online through courses tutorials and projects.
What subjects should I study for AI?,Study Python mathematics statistics machine learning deep learning NLP and computer vision.
Is mathematics important for AI?,Yes mathematics is important especially linear algebra probability statistics and calculus.
Do I need statistics for AI?,Yes statistics helps in understanding data models and predictions.
Do I need calculus for AI?,Basic calculus helps in understanding optimization and neural networks.
What skills are required for AI?,Important AI skills include Python ML DL NLP Computer Vision mathematics and problem solving.
Which skills should I learn for AI?,Learn Python data analysis machine learning deep learning NLP and computer vision.
What are AI skills?,AI skills include programming data handling model training and problem solving.
What soft skills are needed in AI?,Communication teamwork critical thinking and problem solving are important.
Do AI jobs require coding?,Yes most AI jobs require coding especially in Python.
How much coding is required for AI?,AI requires regular coding for data preprocessing model training and testing.
Which programming language is best for AI?,Python is the most popular programming language for AI.
Is Python important for AI?,Yes Python is very important because many AI libraries use Python.
Should I learn Java for AI?,Java can be useful but Python is better for starting AI.
Should I learn C++ for AI?,C++ is useful for performance based AI but beginners should start with Python.
What is the AI roadmap?,Learn Python mathematics ML DL NLP Computer Vision projects and deployment.
How do I start learning AI?,Start with Python basics then learn mathematics machine learning and projects.
What should I learn first for AI?,Start with Python and basic mathematics.
What comes after Python in AI?,After Python learn NumPy Pandas Matplotlib and machine learning.
Should I learn ML before DL?,Yes learn machine learning before deep learning.
How long does it take to learn AI?,Basic AI can take a few months but mastery takes continuous practice.
Can a beginner learn AI?,Yes beginners can learn AI step by step.
Is AI difficult?,AI can be challenging but it becomes easier with practice and projects.
Can I learn AI in one year?,Yes you can learn strong AI basics in one year with consistent practice.
What is Machine Learning?,Machine Learning allows computers to learn patterns from data.
What is ML?,ML means Machine Learning.
What is supervised learning?,Supervised learning uses labeled data for training.
What is unsupervised learning?,Unsupervised learning finds patterns in unlabeled data.
What is reinforcement learning?,Reinforcement learning trains an agent using rewards and penalties.
What is classification?,Classification predicts categories.
What is regression?,Regression predicts continuous numerical values.
What is clustering?,Clustering groups similar data points.
What is overfitting?,Overfitting happens when a model memorizes training data and performs poorly on new data.
What is underfitting?,Underfitting happens when a model is too simple to learn patterns.
What is Deep Learning?,Deep Learning uses neural networks to learn from large datasets.
What is a neural network?,A neural network is a model inspired by the human brain.
What is CNN?,CNN is a deep learning model mostly used for image processing.
What is RNN?,RNN is a neural network used for sequence data.
What is LSTM?,LSTM is a type of RNN used for long sequence learning.
What is Transformer?,Transformer is a deep learning architecture based on attention.
What is backpropagation?,Backpropagation updates neural network weights to reduce error.
What is gradient descent?,Gradient descent is used to minimize model error.
What is NLP?,NLP means Natural Language Processing.
What is Natural Language Processing?,Natural Language Processing helps computers understand human language.
What is tokenization?,Tokenization splits text into words or smaller parts.
What is sentiment analysis?,Sentiment analysis detects emotions or opinions in text.
What is text classification?,Text classification assigns categories to text.
What is named entity recognition?,Named Entity Recognition finds names places organizations and entities in text.
What is machine translation?,Machine translation translates text from one language to another.
What is ChatGPT?,ChatGPT is an AI chatbot based on large language models.
What are Large Language Models?,Large Language Models are AI models trained on huge text data.
What is Computer Vision?,Computer Vision helps computers understand images and videos.
What is image classification?,Image classification identifies the category of an image.
What is object detection?,Object detection finds and locates objects in images.
What is face recognition?,Face recognition identifies people from face images.
What is OpenCV?,OpenCV is a library used for computer vision tasks.
What is YOLO?,YOLO is an object detection model.
What is TensorFlow?,TensorFlow is a deep learning library.
What is PyTorch?,PyTorch is a deep learning library used for AI model development.
What is Scikit-learn?,Scikit-learn is a Python library for machine learning.
What is Pandas?,Pandas is a Python library used for data analysis.
What is NumPy?,NumPy is a Python library used for numerical computing.
What is NLTK?,NLTK is a Python library for NLP.
What is Hugging Face?,Hugging Face provides pretrained AI and NLP models.
What is Flask?,Flask is a Python framework used to build web applications.
What projects should I build for AI?,Build chatbots recommendation systems image classifiers and prediction systems.
Which AI projects are best for beginners?,Beginner projects include chatbot sentiment analysis spam detection and image classification.
How many projects do I need for AI job?,Three to five strong projects are better than many weak projects.
What is a chatbot project?,A chatbot project answers user questions using rules NLP or AI models.
What is a recommendation system?,A recommendation system suggests items based on user preferences.
How do I build an AI portfolio?,Build projects upload them to GitHub and explain them clearly.
Why are AI projects important?,Projects show your practical skills to recruiters.
What is GitHub?,GitHub is a platform to store and showcase code projects.
Why is GitHub important for AI?,GitHub helps recruiters see your projects and coding skills.
How do I upload projects to GitHub?,Create a repository add your files and push the code.
What should be included in portfolio?,Include project title description tools dataset screenshots and GitHub link.
How can I get an AI internship?,Build projects improve your resume and apply on LinkedIn and company websites.
Are internships important for AI?,Yes internships provide practical experience.
Can I get internship without experience?,Yes if you have good projects and basic skills.
When should students apply for internships?,Students should apply after learning basic Python and ML.
What should I do during AI internship?,Learn tools complete tasks ask questions and document your work.
How do I write an AI resume?,Mention education skills projects tools certifications and internship experience.
What should I include in AI resume?,Include Python ML DL NLP CV projects GitHub and achievements.
Should I include projects in resume?,Yes projects are very important for AI resumes.
Should I include certifications in resume?,Yes relevant certifications can strengthen your resume.
How long should an AI resume be?,A student resume should usually be one page.
How do I prepare for AI interviews?,Revise Python ML DL NLP CV metrics and your projects.
What questions are asked in AI interviews?,AI interviews include Python ML algorithms neural networks metrics and project questions.
How should I explain my AI project?,Explain problem dataset model tools results and your contribution.
Are projects important in interviews?,Yes projects help prove your practical knowledge.
What technical topics should I revise?,Revise Python data preprocessing ML algorithms DL basics and evaluation metrics.
Which AI certifications are useful?,Useful certifications include Google AI IBM AI Microsoft AI and DeepLearning.AI.
Are certificates important for AI jobs?,Certificates help but skills and projects are more important.
Which platform is best for AI certifications?,Coursera edX Udemy DeepLearning.AI and Google Cloud are useful platforms.
What is DeepLearning.AI?,DeepLearning.AI is an online platform for AI and deep learning courses.
Can online courses help in AI career?,Yes online courses help if you also build practical projects.
What is the salary of AI Engineer?,AI Engineer salary depends on country skills experience and company.
Which AI job pays the most?,AI Research Scientist ML Engineer and Data Scientist are often high paying roles.
Does salary depend on experience?,Yes salary increases with skills experience and project quality.
Which country pays AI Engineers most?,Countries like USA Canada UK Germany UAE and Singapore offer strong AI salaries.
Can I freelance as an AI Engineer?,Yes AI professionals can freelance in ML NLP automation and chatbot projects.
How do I get AI freelance projects?,Build a portfolio and apply on freelancing platforms.
Which platforms are best for freelancing?,Upwork Fiverr Freelancer and LinkedIn can be used for freelancing.
Can students do AI freelancing?,Yes students can freelance after building practical skills.
Which country is best for AI jobs?,USA Canada Germany UK UAE and Singapore have good AI opportunities.
Can I get an AI job abroad?,Yes strong skills projects and experience can help you get AI jobs abroad.
Can I get an AI job in Oman?,Yes you can apply for AI data analyst and ML related jobs in Oman.
Which countries have high AI demand?,USA Canada UK Germany UAE Saudi Arabia and Singapore have high AI demand.
AI vs Data Science which is better?,Both are good. AI focuses on intelligent systems while Data Science focuses on data insights.
AI vs Software Engineering which is better?,Both are good. AI is better for intelligent systems while Software Engineering is broader.
AI vs Cybersecurity which has better scope?,Both have strong scope. Choose based on your interest.
AI vs Web Development which is better?,AI has advanced future scope while Web Development has many entry level jobs.
What should I do after BS AI?,Build projects apply for internships learn advanced AI and prepare for jobs.
Am I suitable for AI?,You are suitable for AI if you enjoy problem solving coding data and learning new technologies.
Can I learn AI while studying?,Yes students can learn AI alongside their degree through projects and courses.
Can women pursue AI careers?,Yes AI careers are open to everyone.
How can I stand out as an AI student?,Build unique projects maintain GitHub join competitions and improve communication skills.
What mistakes do AI students make?,Common mistakes include only studying theory and not building projects.
How often should I practice coding?,Practice coding several times a week.
What does this chatbot do?,This chatbot answers questions about AI careers skills degrees jobs internships projects resumes and interviews.